model,split,accuracy,precision,recall,f1,roc_auc,test_rows,features_count
RandomForestClassifier,chronological_80_20,0.623059866962306,0.6362612612612613,0.7513297872340425,0.6890243902439024,0.657907117348745,5412,48
